,annual_spending,annual_spending,annual_spending,frequency_purchases,frequency_purchases,frequency_purchases,avg_order_value,avg_order_value,avg_order_value,days_since_last_purchase,days_since_last_purchase,days_since_last_purchase,customer_lifetime_months,customer_lifetime_months,customer_lifetime_months
,mean,std,count,mean,std,count,mean,std,count,mean,std,count,mean,std,count
cluster,,,,,,,,,,,,,,,
0,292.8372735779519,99.32215225665738,176,5.8690799286203195,10.675821422558391,176,24.806922623254877,7.783387563531858,176,47.38983889764219,11.878505734924797,176,12.089566348530537,3.9502151764770113,176
1,1519.0133107463528,598.8240152608882,594,19.732909546839874,5.683652853679883,594,49.87611968170345,15.373371376815891,594,14.846490797946421,5.431169533443698,594,23.43183893397562,8.253591104035651,594
2,4432.794398836245,1766.2762204463445,206,56.56282434241534,18.68874123030567,206,87.48096269895157,35.40317297748399,206,5.771972980710707,3.4372402573860636,206,36.982700354327754,11.819373143323746,206
3,15051.121594389706,1840.3692397828936,24,27.677211422092583,20.515869535083645,24,494.1755068004424,92.13282934643146,24,19.051501697948392,17.062321710187206,24,24.349221160783653,10.728613494066778,24
