,annual_spending,annual_spending,annual_spending,frequency_purchases,frequency_purchases,frequency_purchases,avg_order_value,avg_order_value,avg_order_value,days_since_last_purchase,days_since_last_purchase,days_since_last_purchase,customer_lifetime_months,customer_lifetime_months,customer_lifetime_months
,mean,std,count,mean,std,count,mean,std,count,mean,std,count,mean,std,count
cluster,,,,,,,,,,,,,,,
0,292.8372735779519,99.32215225665738,176,5.8690799286203195,10.675821422558391,176,24.806922623254877,7.783387563531858,176,47.38983889764219,11.878505734924797,176,12.089566348530537,3.9502151764770113,176
1,1514.4142373485515,588.7365524547995,593,19.694904500272244,5.612402700774837,593,49.80344917472626,15.283898619409664,593,14.856982524222902,5.429726857754843,593,23.439598023620462,8.258390605570968,593
2,15051.121594389706,1840.3692397828936,24,27.677211422092583,20.515869535083645,24,494.1755068004424,92.13282934643146,24,19.051501697948392,17.062321710187206,24,24.349221160783653,10.728613494066778,24
3,4431.893285004391,1762.03162389542,207,56.49377640917395,18.66977409318643,207,87.50747848455651,35.31919880632747,207,5.785755222910142,3.4346160995492885,207,36.8950095254401,11.85795943516845,207
